director,popularity,stars,title,writers,year
Frank Darabont,,"Tim Robbins,Morgan Freeman,Bob Gunton,See full cast & crew","The Shawshank Redemption ,            ","Stephen King,Frank Darabont",1994
Sidney Lumet,,"Henry Fonda,Lee J. Cobb,Martin Balsam,See full cast & crew","12 Angry Men ,            ","Reginald Rose,Reginald Rose",1957
Francis Ford Coppola,,"Al Pacino,Robert De Niro,Robert Duvall,See full cast & crew","The Godfather: Part II ,            ","Francis Ford Coppola,Mario Puzo,1 more credit",1974
Francis Ford Coppola,,"Marlon Brando,Al Pacino,James Caan,See full cast & crew","The Godfather ,            ","Mario Puzo,Francis Ford Coppola,1 more credit",1972
Steven Spielberg,,"Liam Neeson,Ralph Fiennes,Ben Kingsley,See full cast & crew","Schindler's List ,            ","Thomas Keneally,Steven Zaillian",1993
Christopher Nolan,,"Christian Bale,Heath Ledger,Aaron Eckhart,See full cast & crew","The Dark Knight ,            ","Jonathan Nolan,Christopher Nolan,3 more credits",2008
Quentin Tarantino,,"John Travolta,Uma Thurman,Samuel L. Jackson,See full cast & crew","Pulp Fiction ,            ","Quentin Tarantino,Roger Avary,1 more credit",1994
Peter Jackson,,"Elijah Wood,Viggo Mortensen,Ian McKellen,See full cast & crew","The Lord of the Rings: The Return of the King ,            ","J.R.R. Tolkien,Fran Walsh,2 more credits",2003
Peter Jackson,,"Elijah Wood,Ian McKellen,Orlando Bloom,See full cast & crew","The Lord of the Rings: The Fellowship of the Ring ,            ","J.R.R. Tolkien,Fran Walsh,2 more credits",2001
Sergio Leone,,"Clint Eastwood,Eli Wallach,Lee Van Cleef,See full cast & crew","The Good, the Bad and the Ugly ,            ","Luciano Vincenzoni,Sergio Leone,4 more credits",1966
David Fincher,,"Brad Pitt,Edward Norton,Meat Loaf,See full cast & crew","Fight Club ,            ","Chuck Palahniuk,Jim Uhls",1999
Robert Zemeckis,,"Tom Hanks,Robin Wright,Gary Sinise,See full cast & crew","Forrest Gump ,            ","Winston Groom,Eric Roth",1994
Irvin Kershner,,"Mark Hamill,Harrison Ford,Carrie Fisher,See full cast & crew","Star Wars: Episode V - The Empire Strikes Back ,            ","Leigh Brackett,Lawrence Kasdan,1 more credit",1980
Peter Jackson,,"Elijah Wood,Ian McKellen,Viggo Mortensen,See full cast & crew","The Lord of the Rings: The Two Towers ,            ","J.R.R. Tolkien,Fran Walsh,3 more credits",2002
"Lana Wachowski,Lilly Wachowski",,"Keanu Reeves,Laurence Fishburne,Carrie-Anne Moss,See full cast & crew","The Matrix ,            ","Lilly Wachowski,Lana Wachowski",1999
Nadine Labaki,,"Zain Al Rafeea,Yordanos Shiferaw,Boluwatife Treasure Bankole,See full cast & crew","Capernaum ,            ","Nadine Labaki,Jihad Hojeily,3 more credits",2018
Christopher Nolan,,"Leonardo DiCaprio,Joseph Gordon-Levitt,Ellen Page,See full cast & crew","Inception ,            ",Christopher Nolan,2010
Zaza Urushadze,,"Lembit Ulfsak,Elmo Nüganen,Giorgi Nakashidze,See full cast & crew","Tangerines ,            ","Tatjana Mülbeier,Zaza Urushadze,2 more credits",2013
Kar-Wai Wong,,"Tony Chiu-Wai Leung,Maggie Cheung,Ping Lam Siu,See full cast & crew","In the Mood for Love ,            ",Kar-Wai Wong,2000
Ingmar Bergman,,"Bertil Guve,Pernilla Allwin,Kristina Adolphson,See full cast & crew","Fanny and Alexander ,            ",Ingmar Bergman,1982
"Ron Clements,John Musker",,"Scott Weinger,Robin Williams,Linda Larkin,See full cast & crew","Aladdin ,            ","Ron Clements,John Musker,18 more credits",1992
Priyadarshan,,"Akshay Kumar,Sunil Shetty,Paresh Rawal,See full cast & crew","Hera Pheri ,            ","Siddique,Lal,3 more credits",2000
Ashutosh Gowariker,,"Aamir Khan,Raghuvir Yadav,Gracy Singh,See full cast & crew","Lagaan: Once Upon a Time in India ,            ","Ashutosh Gowariker,Ashutosh Gowariker,3 more credits",2001
George Roy Hill,,"Paul Newman,Robert Redford,Katharine Ross,See full cast & crew","Butch Cassidy and the Sundance Kid ,            ",William Goldman,1969
Billy Wilder,,"Kirk Douglas,Jan Sterling,Robert Arthur,See full cast & crew","Ace in the Hole ,            ","Billy Wilder,Lesser Samuels,1 more credit",1951
Nuri Bilge Ceylan,,"Haluk Bilginer,Melisa Sözen,Demet Akbag,See full cast & crew","Winter Sleep ,            ","Ebru Ceylan,Nuri Bilge Ceylan,1 more credit",2014
James Cameron,,"Arnold Schwarzenegger,Linda Hamilton,Michael Biehn,See full cast & crew","The Terminator ,            ","James Cameron,Gale Anne Hurd,1 more credit",1984
Nishikant Kamat,,"Ajay Devgn,Shriya Saran,Tabu,See full cast & crew","Drishyam ,            ","Jeethu Joseph,Upendra Sidhaye",2015
Oriol Paulo,,"Mario Casas,Ana Wagener,Jose Coronado,See full cast & crew","The Invisible Guest ,            ",Oriol Paulo,2016
Rob Reiner,,"Cary Elwes,Mandy Patinkin,Robin Wright,See full cast & crew","The Princess Bride ,            ","William Goldman,William Goldman",1987
Tate Taylor,,"Emma Stone,Viola Davis,Octavia Spencer,See full cast & crew","The Help ,            ","Tate Taylor,Kathryn Stockett",2011
Richard Linklater,,"Ethan Hawke,Julie Delpy,Vernon Dobtcheff,See full cast & crew","Before Sunset ,            ","Richard Linklater,Julie Delpy,5 more credits",2004
Wim Wenders,,"Harry Dean Stanton,Nastassja Kinski,Dean Stockwell,See full cast & crew","Paris, Texas ,            ","L.M. Kit Carson,Sam Shepard,1 more credit",1984
Anurag Kashyap,,"Manoj Bajpayee,Richa Chadha,Nawazuddin Siddiqui,See full cast & crew","Gangs of Wasseypur ,            ","Akhilesh Jaiswal,Anurag Kashyap,2 more credits",2012
Frank Capra,,"Clark Gable,Claudette Colbert,Walter Connolly,See full cast & crew","It Happened One Night ,            ","Robert Riskin,Samuel Hopkins Adams",1934
Céline Sciamma,,"Noémie Merlant,Adèle Haenel,Luàna Bajrami,See full cast & crew","Portrait of a Lady on Fire ,            ",Céline Sciamma,2019
Mathieu Kassovitz,,"Vincent Cassel,Hubert Koundé,Saïd Taghmaoui,See full cast & crew","La Haine ,            ",Mathieu Kassovitz,1995
"Pete Docter,David Silverman,1 more credit",,"Billy Crystal,John Goodman,Mary Gibbs,See full cast & crew","Monsters, Inc. ,            ","Pete Docter,Jill Culton,4 more credits",2001
Alfred Hitchcock,,"Laurence Olivier,Joan Fontaine,George Sanders,See full cast & crew","Rebecca ,            ","Daphne Du Maurier,Robert E. Sherwood,3 more credits",1940
John G. Avildsen,,"Sylvester Stallone,Talia Shire,Burt Young,See full cast & crew","Rocky ,            ",Sylvester Stallone,1976
Hayao Miyazaki,,"Sumi Shimamoto,Mahito Tsujimura,Hisako Kyôda,See full cast & crew","Nausicaä of the Valley of the Wind ,            ","Hayao Miyazaki,Hayao Miyazaki,2 more credits",1984
Rakeysh Omprakash Mehra,,"Aamir Khan,Soha Ali Khan,Siddharth,See full cast & crew","Rang De Basanti ,            ","Renzil D'Silva,Prasoon Joshi,2 more credits",2006
Tom McCarthy,,"Mark Ruffalo,Michael Keaton,Rachel McAdams,See full cast & crew","Spotlight ,            ","Josh Singer,Tom McCarthy",2015
Chan-wook Park,,"Min-hee Kim,Jung-woo Ha,Jin-woong Cho,See full cast & crew","The Handmaiden ,            ","Sarah Waters,Seo-kyeong Jeong,1 more credit",2016
François Truffaut,,"Jean-Pierre Léaud,Albert Rémy,Claire Maurier,See full cast & crew","The 400 Blows ,            ","François Truffaut,Marcel Moussy,2 more credits",1959
Terry George,,"Don Cheadle,Sophie Okonedo,Joaquin Phoenix,See full cast & crew","Hotel Rwanda ,            ","Keir Pearson,Terry George",2004
Andrei Tarkovsky,,"Anatoliy Solonitsyn,Ivan Lapikov,Nikolay Grinko,See full cast & crew","Andrei Rublev ,            ","Andrey Konchalovskiy,Andrei Tarkovsky",1966
Alejandro G. Iñárritu,,"Emilio Echevarría,Gael García Bernal,Goya Toledo,See full cast & crew","Amores Perros ,            ",Guillermo Arriaga,2000
David Yates,,"Daniel Radcliffe,Emma Watson,Rupert Grint,See full cast & crew","Harry Potter and the Deathly Hallows: Part 2 ,            ","Steve Kloves,J.K. Rowling",2011
James Mangold,,"Hugh Jackman,Patrick Stewart,Dafne Keen,See full cast & crew","Logan ,            ","James Mangold,Scott Frank,2 more credits",2017
Carl Theodor Dreyer,,"Maria Falconetti,Eugene Silvain,André Berley,See full cast & crew","The Passion of Joan of Arc ,            ","Joseph Delteil,Carl Theodor Dreyer",1928
Ron Howard,,"Daniel Brühl,Chris Hemsworth,Olivia Wilde,See full cast & crew","Rush ,            ",Peter Morgan,2013
Peter Weir,,"Robin Williams,Robert Sean Leonard,Ethan Hawke,See full cast & crew","Dead Poets Society ,            ",Tom Schulman,1989
William Wyler,,"Charlton Heston,Jack Hawkins,Stephen Boyd,See full cast & crew","Ben-Hur ,            ","Lew Wallace,Karl Tunberg",1959
Oliver Stone,,"Charlie Sheen,Tom Berenger,Willem Dafoe,See full cast & crew","Platoon ,            ",Oliver Stone,1986
Lasse Hallström,,"Richard Gere,Joan Allen,Cary-Hiroyuki Tagawa,See full cast & crew","Hachi: A Dog's Tale ,            ","Stephen P. Lindsey,Kaneto Shindô",2009
Terry Jones,,"Graham Chapman,John Cleese,Michael Palin,See full cast & crew","Monty Python's Life of Brian ,            ","Graham Chapman,John Cleese,4 more credits",1979
Clint Eastwood,,"Hilary Swank,Clint Eastwood,Morgan Freeman,See full cast & crew","Million Dollar Baby ,            ","Paul Haggis,F.X. Toole",2004
Sidney Lumet,,"Faye Dunaway,William Holden,Peter Finch,See full cast & crew","Network ,            ",Paddy Chayefsky,1976
Rob Reiner,,"Wil Wheaton,River Phoenix,Corey Feldman,See full cast & crew","Stand by Me ,            ","Stephen King,Raynold Gideon,1 more credit",1986
Sean Penn,,"Emile Hirsch,Vince Vaughn,Catherine Keener,See full cast & crew","Into the Wild ,            ","Sean Penn,Jon Krakauer",2007
Henri-Georges Clouzot,,"Yves Montand,Charles Vanel,Peter van Eyck,See full cast & crew","The Wages of Fear ,            ","Georges Arnaud,Henri-Georges Clouzot,1 more credit",1953
Stanley Kubrick,,"Ryan O'Neal,Marisa Berenson,Patrick Magee,See full cast & crew","Barry Lyndon ,            ","Stanley Kubrick,William Makepeace Thackeray",1975
Stuart Rosenberg,,"Paul Newman,George Kennedy,Strother Martin,See full cast & crew","Cool Hand Luke ,            ","Donn Pearce,Frank Pierson,1 more credit",1967
George Miller,,"Tom Hardy,Charlize Theron,Nicholas Hoult,See full cast & crew","Mad Max: Fury Road ,            ","George Miller,Brendan McCarthy,1 more credit",2015
Steve McQueen,,"Chiwetel Ejiofor,Michael Kenneth Williams,Michael Fassbender,See full cast & crew","12 Years a Slave ,            ","John Ridley,Solomon Northup",2013
Buster Keaton,,"Buster Keaton,Kathryn McGuire,Joe Keaton,See full cast & crew","Sherlock Jr. ,            ","Jean C. Havez,Joseph A. Mitchell,1 more credit",1924
Denis Villeneuve,,"Hugh Jackman,Jake Gyllenhaal,Viola Davis,See full cast & crew","Prisoners ,            ",Aaron Guzikowski,2013
Frank Capra,,"James Stewart,Jean Arthur,Claude Rains,See full cast & crew","Mr. Smith Goes to Washington ,            ","Sidney Buchman,Lewis R. Foster",1939
"Dean DeBlois,Chris Sanders",,"Jay Baruchel,Gerard Butler,Christopher Mintz-Plasse,See full cast & crew","How to Train Your Dragon ,            ","William Davies,Dean DeBlois,3 more credits",2010
Steven Spielberg,,"Leonardo DiCaprio,Tom Hanks,Christopher Walken,See full cast & crew","Catch Me If You Can ,            ","Jeff Nathanson,Frank Abagnale Jr.,1 more credit",2002
"Clyde Bruckman,Buster Keaton",,"Buster Keaton,Marion Mack,Glen Cavender,See full cast & crew","The General ,            ","Buster Keaton,Clyde Bruckman,2 more credits",1926
Richard Linklater,,"Ethan Hawke,Julie Delpy,Andrea Eckert,See full cast & crew","Before Sunrise ,            ","Richard Linklater,Kim Krizan",1995
James Mangold,,"Matt Damon,Christian Bale,Jon Bernthal,See full cast & crew","Ford v Ferrari ,            ","Jez Butterworth,John-Henry Butterworth,1 more credit",2019
Ernst Lubitsch,,"Carole Lombard,Jack Benny,Robert Stack,See full cast & crew","To Be or Not to Be ,            ","Melchior Lengyel,Edwin Justus Mayer",1942
Ingmar Bergman,,"Bibi Andersson,Liv Ullmann,Margaretha Krook,See full cast & crew","Persona ,            ",Ingmar Bergman,1966
Mel Gibson,,"Andrew Garfield,Sam Worthington,Luke Bracey,See full cast & crew","Hacksaw Ridge ,            ","Robert Schenkkan,Andrew Knight",2016
Wes Anderson,,"Ralph Fiennes,F. Murray Abraham,Mathieu Amalric,See full cast & crew","The Grand Budapest Hotel ,            ","Stefan Zweig,Wes Anderson,2 more credits",2014
David Fincher,,"Ben Affleck,Rosamund Pike,Neil Patrick Harris,See full cast & crew","Gone Girl ,            ","Gillian Flynn,Gillian Flynn",2014
Yavuz Turgul,,"Sener Sen,Ugur Yücel,Sermin Hürmeriç,See full cast & crew","The Bandit ,            ",Yavuz Turgul,1996
Jim Sheridan,,"Daniel Day-Lewis,Pete Postlethwaite,Alison Crosbie,See full cast & crew","In the Name of the Father ,            ","Gerry Conlon,Terry George,1 more credit",1993
"Joel Coen,Ethan Coen",,"Jeff Bridges,John Goodman,Julianne Moore,See full cast & crew","The Big Lebowski ,            ","Ethan Coen,Joel Coen",1998
Sriram Raghavan,,"Ayushmann Khurrana,Tabu,Radhika Apte,See full cast & crew","Andhadhun ,            ","Arijit Biswas,Yogesh Chandekar,4 more credits",2018
Adam Elliot,,"Toni Collette,Philip Seymour Hoffman,Eric Bana,See full cast & crew","Mary and Max ,            ",Adam Elliot,2009
"Sergio Pablos,Carlos Martínez López",,"Jason Schwartzman,J.K. Simmons,Rashida Jones,See full cast & crew","Klaus ,            ","Sergio Pablos,Sergio Pablos,2 more credits",2019
Damián Szifron,,"Darío Grandinetti,María Marull,Mónica Villa,See full cast & crew","Wild Tales ,            ","Germán Servidio,Damián Szifron",2014
Michael Cimino,,"Robert De Niro,Christopher Walken,John Cazale,See full cast & crew","The Deer Hunter ,            ","Michael Cimino,Deric Washburn,3 more credits",1978
Bong Joon Ho,,"Kang-ho Song,Sang-kyung Kim,Roe-ha Kim,See full cast & crew","Memories of Murder ,            ","Bong Joon Ho,Kwang-rim Kim,1 more credit",2003
Yasujirô Ozu,,"Chishû Ryû,Chieko Higashiyama,Sô Yamamura,See full cast & crew","Tokyo Story ,            ","Kôgo Noda,Yasujirô Ozu",1953
Clint Eastwood,,"Clint Eastwood,Bee Vang,Christopher Carley,See full cast & crew","Gran Torino ,            ","Nick Schenk,Dave Johannson,1 more credit",2008
"Joel Coen,Ethan Coen",,"William H. Macy,Frances McDormand,Steve Buscemi,See full cast & crew","Fargo ,            ","Ethan Coen,Joel Coen",1996
Peter Weir,,"Jim Carrey,Ed Harris,Laura Linney,See full cast & crew","The Truman Show ,            ",Andrew Niccol,1998
Quentin Tarantino,,"Uma Thurman,David Carradine,Daryl Hannah,See full cast & crew","Kill Bill: Vol. 1 ,            ","Quentin Tarantino,Quentin Tarantino,1 more credit",2003
Elia Kazan,,"Marlon Brando,Karl Malden,Lee J. Cobb,See full cast & crew","On the Waterfront ,            ","Budd Schulberg,Budd Schulberg,1 more credit",1954
Carol Reed,,"Orson Welles,Joseph Cotten,Alida Valli,See full cast & crew","The Third Man ,            ","Graham Greene,Graham Greene",1949
Andrei Tarkovsky,,"Alisa Freyndlikh,Aleksandr Kaydanovskiy,Anatoliy Solonitsyn,See full cast & crew","Stalker ,            ","Arkadiy Strugatskiy,Boris Strugatskiy,2 more credits",1979
David Lean,,"William Holden,Alec Guinness,Jack Hawkins,See full cast & crew","The Bridge on the River Kwai ,            ","Pierre Boulle,Carl Foreman,1 more credit",1957
"Andrew Stanton,Lee Unkrich",,"Albert Brooks,Ellen DeGeneres,Alexander Gould,See full cast & crew","Finding Nemo ,            ","Andrew Stanton,Andrew Stanton,2 more credits",2003
Ridley Scott,,"Harrison Ford,Rutger Hauer,Sean Young,See full cast & crew","Blade Runner ,            ","Hampton Fancher,David Webb Peoples,1 more credit",1982
Ingmar Bergman,,"Victor Sjöström,Bibi Andersson,Ingrid Thulin,See full cast & crew","Wild Strawberries ,            ",Ingmar Bergman,1957
Lenny Abrahamson,,"Brie Larson,Jacob Tremblay,Sean Bridgers,See full cast & crew","Room ,            ","Emma Donoghue,Emma Donoghue",2015
"Victor Fleming,George Cukor,1 more credit",,"Clark Gable,Vivien Leigh,Thomas Mitchell,See full cast & crew","Gone with the Wind ,            ","Margaret Mitchell,Sidney Howard",1939
John Carpenter,,"Kurt Russell,Wilford Brimley,Keith David,See full cast & crew","The Thing ,            ","Bill Lancaster,John W. Campbell Jr.",1982
David Lynch,,"Anthony Hopkins,John Hurt,Anne Bancroft,See full cast & crew","The Elephant Man ,            ","Christopher De Vore,Eric Bergren,3 more credits",1980
Gavin O'Connor,,"Tom Hardy,Nick Nolte,Joel Edgerton,See full cast & crew","Warrior ,            ","Gavin O'Connor,Anthony Tambakis,3 more credits",2011
Steven Spielberg,,"Sam Neill,Laura Dern,Jeff Goldblum,See full cast & crew","Jurassic Park ,            ","Michael Crichton,Michael Crichton,1 more credit",1993
M. Night Shyamalan,,"Bruce Willis,Haley Joel Osment,Toni Collette,See full cast & crew","The Sixth Sense ,            ",M. Night Shyamalan,1999
Danny Boyle,,"Ewan McGregor,Ewen Bremner,Jonny Lee Miller,See full cast & crew","Trainspotting ,            ","Irvine Welsh,John Hodge",1996
Martin Scorsese,,"Leonardo DiCaprio,Emily Mortimer,Mark Ruffalo,See full cast & crew","Shutter Island ,            ","Laeta Kalogridis,Dennis Lehane",2010
James McTeigue,,"Hugo Weaving,Natalie Portman,Rupert Graves,See full cast & crew","V for Vendetta ,            ","Lilly Wachowski,Lana Wachowski,1 more credit",2005
"Ethan Coen,Joel Coen",,"Tommy Lee Jones,Javier Bardem,Josh Brolin,See full cast & crew","No Country for Old Men ,            ","Joel Coen,Ethan Coen,1 more credit",2007
"Pete Docter,Ronnie Del Carmen",,"Amy Poehler,Bill Hader,Lewis Black,See full cast & crew","Inside Out ,            ","Pete Docter,Ronnie Del Carmen,7 more credits",2015
Roman Polanski,,"Jack Nicholson,Faye Dunaway,John Huston,See full cast & crew","Chinatown ,            ",Robert Towne,1974
Ingmar Bergman,,"Max von Sydow,Gunnar Björnstrand,Bengt Ekerot,See full cast & crew","The Seventh Seal ,            ","Ingmar Bergman,Ingmar Bergman",1957
Charles Chaplin,,"Charles Chaplin,Mack Swain,Tom Murray,See full cast & crew","The Gold Rush ,            ",Charles Chaplin,1925
Alfred Hitchcock,,"Ray Milland,Grace Kelly,Robert Cummings,See full cast & crew","Dial M for Murder ,            ","Frederick Knott,Frederick Knott",1954
Çagan Irmak,,"Çetin Tekindor,Fikret Kuskan,Hümeyra,See full cast & crew","My Father and My Son ,            ",Çagan Irmak,2005
Martin McDonagh,,"Frances McDormand,Woody Harrelson,Sam Rockwell,See full cast & crew","Three Billboards Outside Ebbing, Missouri ,            ",Martin McDonagh,2017
Paul Thomas Anderson,,"Daniel Day-Lewis,Paul Dano,Ciarán Hinds,See full cast & crew","There Will Be Blood ,            ","Paul Thomas Anderson,Upton Sinclair",2007
Martin Scorsese,,"Robert De Niro,Cathy Moriarty,Joe Pesci,See full cast & crew","Raging Bull ,            ","Jake LaMotta,Joseph Carter,3 more credits",1980
Stanley Kramer,,"Spencer Tracy,Burt Lancaster,Richard Widmark,See full cast & crew","Judgment at Nuremberg ,            ","Abby Mann,Abby Mann",1961
Guy Ritchie,,"Jason Flemyng,Dexter Fletcher,Nick Moran,See full cast & crew","Lock, Stock and Two Smoking Barrels ,            ",Guy Ritchie,1998
John Huston,,"Humphrey Bogart,Walter Huston,Tim Holt,See full cast & crew","The Treasure of the Sierra Madre ,            ","John Huston,B. Traven",1948
Hayao Miyazaki,,"Hitoshi Takagi,Noriko Hidaka,Chika Sakamoto,See full cast & crew","My Neighbor Totoro ,            ",Hayao Miyazaki,1988
Martin Scorsese,,"Leonardo DiCaprio,Jonah Hill,Margot Robbie,See full cast & crew","The Wolf of Wall Street ,            ","Terence Winter,Jordan Belfort",2013
Martin Scorsese,,"Robert De Niro,Sharon Stone,Joe Pesci,See full cast & crew","Casino ,            ","Nicholas Pileggi,Nicholas Pileggi,1 more credit",1995
Juan José Campanella,,"Ricardo Darín,Soledad Villamil,Pablo Rago,See full cast & crew","The Secret in Their Eyes ,            ","Eduardo Sacheri,Juan José Campanella,1 more credit",2009
Guillermo del Toro,,"Ivana Baquero,Ariadna Gil,Sergi López,See full cast & crew","Pan's Labyrinth ,            ",Guillermo del Toro,2006
Joseph L. Mankiewicz,,"Bette Davis,Anne Baxter,George Sanders,See full cast & crew","All About Eve ,            ",Joseph L. Mankiewicz,1950
Hayao Miyazaki,,"Chieko Baishô,Takuya Kimura,Tatsuya Gashûin,See full cast & crew","Howl's Moving Castle ,            ","Hayao Miyazaki,Diana Wynne Jones",2004
Ron Howard,,"Russell Crowe,Ed Harris,Jennifer Connelly,See full cast & crew","A Beautiful Mind ,            ","Akiva Goldsman,Sylvia Nasar",2001
John Sturges,,"Steve McQueen,James Garner,Richard Attenborough,See full cast & crew","The Great Escape ,            ","Paul Brickhill,James Clavell,1 more credit",1963
Oliver Hirschbiegel,,"Bruno Ganz,Alexandra Maria Lara,Ulrich Matthes,See full cast & crew","Downfall ,            ","Bernd Eichinger,Joachim Fest,2 more credits",2004
Akira Kurosawa,,"Tatsuya Nakadai,Akira Terao,Jinpachi Nezu,See full cast & crew","Ran ,            ","Akira Kurosawa,Hideo Oguni,2 more credits",1985
Peter Farrelly,,"Viggo Mortensen,Mahershala Ali,Linda Cardellini,See full cast & crew","Green Book ,            ","Nick Vallelonga,Brian Hayes Currie,1 more credit",2018
Clint Eastwood,,"Clint Eastwood,Gene Hackman,Morgan Freeman,See full cast & crew","Unforgiven ,            ",David Webb Peoples,1992
Billy Wilder,,"Marilyn Monroe,Tony Curtis,Jack Lemmon,See full cast & crew","Some Like It Hot ,            ","Billy Wilder,I.A.L. Diamond,2 more credits",1959
Majid Majidi,,"Mohammad Amir Naji,Amir Farrokh Hashemian,Bahare Seddiqi,See full cast & crew","Children of Heaven ,            ",Majid Majidi,1997
Elem Klimov,,"Aleksey Kravchenko,Olga Mironova,Liubomiras Laucevicius,See full cast & crew","Come and See ,            ","Ales Adamovich,Ales Adamovich,1 more credit",1985
Akira Kurosawa,,"Toshirô Mifune,Machiko Kyô,Masayuki Mori,See full cast & crew","Rashomon ,            ","Ryûnosuke Akutagawa,Akira Kurosawa,1 more credit",1950
Christopher Nolan,,"Christian Bale,Michael Caine,Ken Watanabe,See full cast & crew","Batman Begins ,            ","Bob Kane,David S. Goyer,2 more credits",2005
John McTiernan,,"Bruce Willis,Alan Rickman,Bonnie Bedelia,See full cast & crew","Die Hard ,            ","Roderick Thorp,Jeb Stuart,1 more credit",1988
Akira Kurosawa,,"Toshirô Mifune,Eijirô Tôno,Tatsuya Nakadai,See full cast & crew","Yojimbo ,            ","Akira Kurosawa,Akira Kurosawa,1 more credit",1961
Michael Mann,,"Al Pacino,Robert De Niro,Val Kilmer,See full cast & crew","Heat ,            ",Michael Mann,1995
"Terry Gilliam,Terry Jones",,"Graham Chapman,John Cleese,Eric Idle,See full cast & crew","Monty Python and the Holy Grail ,            ","Graham Chapman,John Cleese,4 more credits",1975
Curtis Hanson,,"Kevin Spacey,Russell Crowe,Guy Pearce,See full cast & crew","L.A. Confidential ,            ","James Ellroy,Brian Helgeland,1 more credit",1997
"Pete Docter,Bob Peterson",,"Edward Asner,Jordan Nagai,John Ratzenberger,See full cast & crew","Up ,            ","Pete Docter,Bob Peterson,3 more credits",2009
Denis Villeneuve,,"Lubna Azabal,Mélissa Désormeaux-Poulin,Maxim Gaudette,See full cast & crew","Incendies ,            ","Denis Villeneuve,Wajdi Mouawad,2 more credits",2010
Steven Spielberg,,"Harrison Ford,Sean Connery,Alison Doody,See full cast & crew","Indiana Jones and the Last Crusade ,            ","Jeffrey Boam,George Lucas,3 more credits",1989
Billy Wilder,,"Fred MacMurray,Barbara Stanwyck,Edward G. Robinson,See full cast & crew","Double Indemnity ,            ","Billy Wilder,Raymond Chandler,1 more credit",1944
Robert Mulligan,,"Gregory Peck,John Megna,Frank Overton,See full cast & crew","To Kill a Mockingbird ,            ","Harper Lee,Horton Foote",1962
Billy Wilder,,"Jack Lemmon,Shirley MacLaine,Fred MacMurray,See full cast & crew","The Apartment ,            ","Billy Wilder,I.A.L. Diamond",1960
Sergio Leone,,"Clint Eastwood,Lee Van Cleef,Gian Maria Volontè,See full cast & crew","For a Few Dollars More ,            ","Sergio Leone,Fulvio Morsella,2 more credits",1965
George Roy Hill,,"Paul Newman,Robert Redford,Robert Shaw,See full cast & crew","The Sting ,            ",David S. Ward,1973
Akira Kurosawa,,"Takashi Shimura,Nobuo Kaneko,Shin'ichi Himori,See full cast & crew","Ikiru ,            ","Akira Kurosawa,Shinobu Hashimoto,1 more credit",1952
Fritz Lang,,"Brigitte Helm,Alfred Abel,Gustav Fröhlich,See full cast & crew","Metropolis ,            ","Thea von Harbou,Thea von Harbou",1927
Asghar Farhadi,,"Payman Maadi,Leila Hatami,Sareh Bayat,See full cast & crew","A Separation ,            ",Asghar Farhadi,2011
Lee Unkrich,,"Tom Hanks,Tim Allen,Joan Cusack,See full cast & crew","Toy Story 3 ,            ","John Lasseter,Andrew Stanton,2 more credits",2010
David Lean,,"Peter O'Toole,Alec Guinness,Anthony Quinn,See full cast & crew","Lawrence of Arabia ,            ","T.E. Lawrence,Robert Bolt,1 more credit",1962
Martin Scorsese,,"Robert De Niro,Jodie Foster,Cybill Shepherd,See full cast & crew","Taxi Driver ,            ",Paul Schrader,1976
Jean-Pierre Jeunet,,"Audrey Tautou,Mathieu Kassovitz,Rufus,See full cast & crew","Amélie ,            ","Guillaume Laurant,Jean-Pierre Jeunet,1 more credit",2001
"Stanley Donen,Gene Kelly",,"Gene Kelly,Donald O'Connor,Debbie Reynolds,See full cast & crew","Singin' in the Rain ,            ","Betty Comden,Adolph Green",1952
Brian De Palma,,"Al Pacino,Michelle Pfeiffer,Steven Bauer,See full cast & crew","Scarface ,            ",Oliver Stone,1983
Guy Ritchie,,"Jason Statham,Brad Pitt,Benicio Del Toro,See full cast & crew","Snatch ,            ",Guy Ritchie,2000
Charles Chaplin,,"Charles Chaplin,Edna Purviance,Jackie Coogan,See full cast & crew","The Kid ,            ",Charles Chaplin,1921
Vittorio De Sica,,"Lamberto Maggiorani,Enzo Staiola,Lianella Carell,See full cast & crew","Bicycle Thieves ,            ","Cesare Zavattini,Luigi Bartolini,7 more credits",1948
Stanley Kubrick,,"Malcolm McDowell,Patrick Magee,Michael Bates,See full cast & crew","A Clockwork Orange ,            ","Stanley Kubrick,Anthony Burgess",1971
Stanley Kubrick,,"Matthew Modine,R. Lee Ermey,Vincent D'Onofrio,See full cast & crew","Full Metal Jacket ,            ","Stanley Kubrick,Michael Herr,2 more credits",1987
Alfred Hitchcock,,"Cary Grant,Eva Marie Saint,James Mason,See full cast & crew","North by Northwest ,            ",Ernest Lehman,1959
Thomas Vinterberg,,"Mads Mikkelsen,Thomas Bo Larsen,Annika Wedderkopp,See full cast & crew","The Hunt ,            ","Tobias Lindholm,Thomas Vinterberg",2012
Michel Gondry,,"Jim Carrey,Kate Winslet,Tom Wilkinson,See full cast & crew","Eternal Sunshine of the Spotless Mind ,            ","Charlie Kaufman,Michel Gondry,2 more credits",2004
Orson Welles,,"Orson Welles,Joseph Cotten,Dorothy Comingore,See full cast & crew","Citizen Kane ,            ","Herman J. Mankiewicz,Orson Welles",1941
Nitesh Tiwari,,"Aamir Khan,Sakshi Tanwar,Fatima Sana Shaikh,See full cast & crew","Dangal ,            ","Piyush Gupta,Shreyas Jain,3 more credits",2016
Fritz Lang,,"Peter Lorre,Ellen Widmann,Inge Landgut,See full cast & crew","M ,            ","Thea von Harbou,Fritz Lang",1931
Darren Aronofsky,,"Ellen Burstyn,Jared Leto,Jennifer Connelly,See full cast & crew","Requiem for a Dream ,            ","Hubert Selby Jr.,Hubert Selby Jr.,1 more credit",2000
Gus Van Sant,,"Robin Williams,Matt Damon,Ben Affleck,See full cast & crew","Good Will Hunting ,            ","Matt Damon,Ben Affleck",1997
Alfred Hitchcock,,"James Stewart,Kim Novak,Barbara Bel Geddes,See full cast & crew","Vertigo ,            ","Alec Coppel,Samuel A. Taylor,2 more credits",1958
Stanley Kubrick,,"Keir Dullea,Gary Lockwood,William Sylvester,See full cast & crew","2001: A Space Odyssey ,            ","Stanley Kubrick,Arthur C. Clarke",1968
Quentin Tarantino,,"Brad Pitt,Diane Kruger,Eli Roth,See full cast & crew","Inglourious Basterds ,            ",Quentin Tarantino,2009
Quentin Tarantino,,"Harvey Keitel,Tim Roth,Michael Madsen,See full cast & crew","Reservoir Dogs ,            ","Quentin Tarantino,Quentin Tarantino,1 more credit",1992
Richard Marquand,,"Mark Hamill,Harrison Ford,Carrie Fisher,See full cast & crew","Star Wars: Episode VI - Return of the Jedi ,            ","Lawrence Kasdan,George Lucas,1 more credit",1983
"Aamir Khan,Amole Gupte",,"Darsheel Safary,Aamir Khan,Tisca Chopra,See full cast & crew","Taare Zameen Par ,            ","Amole Gupte,Amole Gupte",2007
Sam Mendes,,"Dean-Charles Chapman,George MacKay,Daniel Mays,See full cast & crew","1917 ,            ","Sam Mendes,Krysty Wilson-Cairns",2019
Milos Forman,,"F. Murray Abraham,Tom Hulce,Elizabeth Berridge,See full cast & crew","Amadeus ,            ","Peter Shaffer,Peter Shaffer",1984
Akira Kurosawa,,"Toshirô Mifune,Yutaka Sada,Tatsuya Nakadai,See full cast & crew","High and Low ,            ","Hideo Oguni,Ryûzô Kikushima,3 more credits",1963
John Lasseter,,"Tom Hanks,Tim Allen,Don Rickles,See full cast & crew","Toy Story ,            ","John Lasseter,Pete Docter,6 more credits",1995
Mel Gibson,,"Mel Gibson,Sophie Marceau,Patrick McGoohan,See full cast & crew","Braveheart ,            ",Randall Wallace,1995
Rajkumar Hirani,,"Aamir Khan,Madhavan,Mona Singh,See full cast & crew","3 Idiots ,            ","Rajkumar Hirani,Abhijat Joshi,3 more credits",2009
Hrishikesh Mukherjee,,"Rajesh Khanna,Amitabh Bachchan,Sumita Sanyal,See full cast & crew","Anand ,            ","Hrishikesh Mukherjee,Hrishikesh Mukherjee,4 more credits",1971
Wolfgang Petersen,,"Jürgen Prochnow,Herbert Grönemeyer,Klaus Wennemann,See full cast & crew","Das Boot ,            ","Wolfgang Petersen,Lothar G. Buchheim",1981
Makoto Shinkai,,"Ryûnosuke Kamiki,Mone Kamishiraishi,Ryô Narita,See full cast & crew","Your Name. ,            ","Makoto Shinkai,Makoto Shinkai,1 more credit",2016
"Lee Unkrich,Adrian Molina",,"Anthony Gonzalez,Gael García Bernal,Benjamin Bratt,See full cast & crew","Coco ,            ","Lee Unkrich,Jason Katz,4 more credits",2017
Sam Mendes,,"Kevin Spacey,Annette Bening,Thora Birch,See full cast & crew","American Beauty ,            ",Alan Ball,1999
Billy Wilder,,"Tyrone Power,Marlene Dietrich,Charles Laughton,See full cast & crew","Witness for the Prosecution ,            ","Agatha Christie,Billy Wilder,2 more credits",1957
Sergio Leone,,"Robert De Niro,James Woods,Elizabeth McGovern,See full cast & crew","Once Upon a Time in America ,            ","Harry Grey,Leonardo Benvenuti,6 more credits",1984
James Cameron,,"Sigourney Weaver,Michael Biehn,Carrie Henn,See full cast & crew","Aliens ,            ","James Cameron,David Giler,4 more credits",1986
"Anthony Russo,Joe Russo",,"Robert Downey Jr.,Chris Evans,Mark Ruffalo,See full cast & crew","Avengers: Endgame ,            ","Christopher Markus,Stephen McFeely,14 more credits",2019
Christopher Nolan,,"Christian Bale,Tom Hardy,Anne Hathaway,See full cast & crew","The Dark Knight Rises ,            ","Jonathan Nolan,Christopher Nolan,3 more credits",2012
Stanley Kubrick,,"Peter Sellers,George C. Scott,Sterling Hayden,See full cast & crew","Dr. Strangelove or: How I Learned to Stop Worrying and Love the Bomb ,            ","Stanley Kubrick,Terry Southern,2 more credits",1964
Chan-wook Park,,"Min-sik Choi,Ji-Tae Yoo,Hye-jeong Kang,See full cast & crew","Oldboy ,            ","Garon Tsuchiya,Nobuaki Minegishi,4 more credits",2003
Billy Wilder,,"William Holden,Gloria Swanson,Erich von Stroheim,See full cast & crew","Sunset Blvd. ,            ","Charles Brackett,Billy Wilder,1 more credit",1950
Hayao Miyazaki,,"Yôji Matsuda,Yuriko Ishida,Yûko Tanaka,See full cast & crew","Princess Mononoke ,            ","Hayao Miyazaki,Neil Gaiman",1997
"Anthony Russo,Joe Russo",,"Robert Downey Jr.,Chris Hemsworth,Mark Ruffalo,See full cast & crew","Avengers: Infinity War ,            ","Christopher Markus,Stephen McFeely,14 more credits",2018
"Bob Persichetti,Peter Ramsey,1 more credit",,"Shameik Moore,Jake Johnson,Hailee Steinfeld,See full cast & crew","Spider-Man: Into the Spider-Verse ,            ","Phil Lord,Rodney Rothman,1 more credit",2018
Stanley Kubrick,,"Kirk Douglas,Ralph Meeker,Adolphe Menjou,See full cast & crew","Paths of Glory ,            ","Stanley Kubrick,Calder Willingham,2 more credits",1957
Andrew Stanton,,"Ben Burtt,Elissa Knight,Jeff Garlin,See full cast & crew","WALL·E ,            ","Andrew Stanton,Pete Docter,2 more credits",2008
Stanley Kubrick,,"Jack Nicholson,Shelley Duvall,Danny Lloyd,See full cast & crew","The Shining ,            ","Stephen King,Stanley Kubrick,1 more credit",1980
Florian Henckel von Donnersmarck,,"Ulrich Mühe,Martina Gedeck,Sebastian Koch,See full cast & crew","The Lives of Others ,            ",Florian Henckel von Donnersmarck,2006
Quentin Tarantino,,"Jamie Foxx,Christoph Waltz,Leonardo DiCaprio,See full cast & crew","Django Unchained ,            ",Quentin Tarantino,2012
Christopher Nolan,,"Guy Pearce,Carrie-Anne Moss,Joe Pantoliano,See full cast & crew","Memento ,            ","Christopher Nolan,Jonathan Nolan",2000
Charles Chaplin,,"Charles Chaplin,Paulette Goddard,Jack Oakie,See full cast & crew","The Great Dictator ,            ",Charles Chaplin,1940
Francis Ford Coppola,,"Martin Sheen,Marlon Brando,Robert Duvall,See full cast & crew","Apocalypse Now ,            ","John Milius,Francis Ford Coppola,1 more credit",1979
Steven Spielberg,,"Harrison Ford,Karen Allen,Paul Freeman,See full cast & crew","Indiana Jones and the Raiders of the Lost Ark ,            ","Lawrence Kasdan,George Lucas,1 more credit",1981
Giuseppe Tornatore,,"Philippe Noiret,Enzo Cannavale,Antonella Attili,See full cast & crew","Cinema Paradiso ,            ","Giuseppe Tornatore,Giuseppe Tornatore,2 more credits",1988
Todd Phillips,,"Joaquin Phoenix,Robert De Niro,Zazie Beetz,See full cast & crew","Joker ,            ","Todd Phillips,Scott Silver,3 more credits",2019
Ridley Scott,,"Sigourney Weaver,Tom Skerritt,John Hurt,See full cast & crew","Alien ,            ","Dan O'Bannon,Dan O'Bannon,1 more credit",1979
Alfred Hitchcock,,"James Stewart,Grace Kelly,Wendell Corey,See full cast & crew","Rear Window ,            ","John Michael Hayes,Cornell Woolrich",1954
Christopher Nolan,,"Christian Bale,Hugh Jackman,Scarlett Johansson,See full cast & crew","The Prestige ,            ","Jonathan Nolan,Christopher Nolan,1 more credit",2006
Damien Chazelle,,"Miles Teller,J.K. Simmons,Melissa Benoist,See full cast & crew","Whiplash ,            ",Damien Chazelle,2014
Isao Takahata,,"Tsutomu Tatsumi,Ayano Shiraishi,Akemi Yamaguchi,See full cast & crew","Grave of the Fireflies ,            ","Akiyuki Nosaka,Isao Takahata",1988
Sergio Leone,,"Henry Fonda,Charles Bronson,Claudia Cardinale,See full cast & crew","Once Upon a Time in the West ,            ","Sergio Donati,Sergio Leone,3 more credits",1968
Michael Curtiz,,"Humphrey Bogart,Ingrid Bergman,Paul Henreid,See full cast & crew","Casablanca ,            ","Julius J. Epstein,Philip G. Epstein,3 more credits",1942
Charles Chaplin,,"Charles Chaplin,Virginia Cherrill,Florence Lee,See full cast & crew","City Lights ,            ",Charles Chaplin,1931
"Olivier Nakache,Éric Toledano",,"François Cluzet,Omar Sy,Anne Le Ny,See full cast & crew","The Intouchables ,            ","Olivier Nakache,Philippe Pozzo di Borgo,1 more credit",2011
Ridley Scott,,"Russell Crowe,Joaquin Phoenix,Connie Nielsen,See full cast & crew","Gladiator ,            ","David Franzoni,David Franzoni,2 more credits",2000
James Cameron,,"Arnold Schwarzenegger,Linda Hamilton,Edward Furlong,See full cast & crew","Terminator 2: Judgment Day ,            ","James Cameron,William Wisher",1991
Robert Zemeckis,,"Michael J. Fox,Christopher Lloyd,Lea Thompson,See full cast & crew","Back to the Future ,            ","Robert Zemeckis,Bob Gale",1985
Roman Polanski,,"Adrien Brody,Thomas Kretschmann,Frank Finlay,See full cast & crew","The Pianist ,            ","Ronald Harwood,Wladyslaw Szpilman",2002
Charles Chaplin,,"Charles Chaplin,Paulette Goddard,Henry Bergman,See full cast & crew","Modern Times ,            ",Charles Chaplin,1936
Alfred Hitchcock,,"Anthony Perkins,Janet Leigh,Vera Miles,See full cast & crew","Psycho ,            ","Joseph Stefano,Robert Bloch",1960
Tony Kaye,,"Edward Norton,Edward Furlong,Beverly D'Angelo,See full cast & crew","American History X ,            ",David McKenna,1998
Martin Scorsese,,"Leonardo DiCaprio,Matt Damon,Jack Nicholson,See full cast & crew","The Departed ,            ","William Monahan,Alan Mak,1 more credit",2006
Masaki Kobayashi,,"Tatsuya Nakadai,Akira Ishihama,Shima Iwashita,See full cast & crew","Harakiri ,            ","Yasuhiko Takiguchi,Shinobu Hashimoto",1962
Bryan Singer,,"Kevin Spacey,Gabriel Byrne,Chazz Palminteri,See full cast & crew","The Usual Suspects ,            ",Christopher McQuarrie,1995
Luc Besson,,"Jean Reno,Gary Oldman,Natalie Portman,See full cast & crew","Léon: The Professional ,            ",Luc Besson,1994
"Roger Allers,Rob Minkoff",,"Matthew Broderick,Jeremy Irons,James Earl Jones,See full cast & crew","The Lion King ,            ","Irene Mecchi,Jonathan Roberts,27 more credits",1994
George Lucas,,"Mark Hamill,Harrison Ford,Carrie Fisher,See full cast & crew","Star Wars: Episode IV - A New Hope ,            ",George Lucas,1977
Steven Spielberg,,"Tom Hanks,Matt Damon,Tom Sizemore,See full cast & crew","Saving Private Ryan ,            ",Robert Rodat,1998
Christopher Nolan,,"Matthew McConaughey,Anne Hathaway,Jessica Chastain,See full cast & crew","Interstellar ,            ","Jonathan Nolan,Christopher Nolan",2014
Frank Darabont,,"Tom Hanks,Michael Clarke Duncan,David Morse,See full cast & crew","The Green Mile ,            ","Stephen King,Frank Darabont",1999
Hayao Miyazaki,,"Daveigh Chase,Suzanne Pleshette,Miyu Irino,See full cast & crew","Spirited Away ,            ",Hayao Miyazaki,2001
Frank Capra,,"James Stewart,Donna Reed,Lionel Barrymore,See full cast & crew","It's a Wonderful Life ,            ","Frances Goodrich,Albert Hackett,3 more credits",1946
Bong Joon Ho,,"Kang-ho Song,Sun-kyun Lee,Yeo-jeong Jo,See full cast & crew","Parasite ,            ","Bong Joon Ho,Bong Joon Ho,1 more credit",2019
Jonathan Demme,,"Jodie Foster,Anthony Hopkins,Lawrence A. Bonney,See full cast & crew","The Silence of the Lambs ,            ","Thomas Harris,Ted Tally",1991
"Fernando Meirelles,Kátia Lund",,"Alexandre Rodrigues,Leandro Firmino,Matheus Nachtergaele,See full cast & crew","City of God ,            ","Paulo Lins,Bráulio Mantovani",2002
Roberto Benigni,,"Roberto Benigni,Nicoletta Braschi,Giorgio Cantarini,See full cast & crew","Life Is Beautiful ,            ","Vincenzo Cerami,Roberto Benigni",1997
Martin Scorsese,,"Robert De Niro,Ray Liotta,Joe Pesci,See full cast & crew","Goodfellas ,            ","Nicholas Pileggi,Nicholas Pileggi,1 more credit",1990
David Fincher,,"Morgan Freeman,Brad Pitt,Kevin Spacey,See full cast & crew","Se7en ,            ",Andrew Kevin Walker,1995
Milos Forman,,"Jack Nicholson,Louise Fletcher,Will Sampson,See full cast & crew","One Flew Over the Cuckoo's Nest ,            ","Lawrence Hauben,Bo Goldman,2 more credits",1975
Akira Kurosawa,,"Toshirô Mifune,Takashi Shimura,Keiko Tsushima,See full cast & crew","Seven Samurai ,            ","Akira Kurosawa,Shinobu Hashimoto,1 more credit",1954
